id,first_name,last_name,email,phone,date_of_birth,gender,city,registered_date
1,Sara,Gupta,,+91-9777055082,2004-12-04,F,Mumbai,2025-11-07
2,Nisha,Singh,nisha.singh997@email.com,+91-7258282357,1992-10-11,F,Lucknow,2026-03-08
3,Tanvi,Joshi,,+91-9166839871,1955-06-07,F,Hyderabad,2026-02-21
4,Amit,Nair,amit.nair465@email.com,+91-8195431319,1964-04-04,M,Chennai,2025-10-16
5,Manoj,Kapoor,manoj.kapoor176@email.com,+91-7802131417,1968-05-15,M,Jaipur,2024-10-07
6,Sonal,Mishra,,+91-9692814207,1977-04-20,F,Chennai,2024-06-10
7,Varun,Pillai,varun.pillai898@email.com,+91-7696795909,2010-03-15,M,Ahmedabad,2024-08-08
8,Aadhya,Reddy,aadhya.reddy763@email.com,+91-7860986622,1989-09-16,F,Kolkata,2025-01-25
9,Arjun,Malhotra,,+91-7154324371,1960-11-20,M,Kolkata,2025-07-26
10,Amit,Das,amit.das611@email.com,+91-8733842953,2008-07-29,M,Mumbai,2025-09-30
11,Yash,Thakur,yash.thakur550@email.com,+91-9518594012,1969-12-21,M,Kolkata,2024-08-20
12,Ananya,Pandey,ananya.pandey897@email.com,+91-8640333416,1957-03-29,F,Chennai,2026-02-02
13,Arjun,Rao,arjun.rao781@email.com,+91-9551479514,1990-10-04,M,Pune,2025-05-04
14,Vihaan,Saxena,vihaan.saxena372@email.com,+91-9725250306,1966-05-23,M,Lucknow,2024-06-19
15,Harsh,Chopra,,+91-9492379822,1958-09-27,M,Ahmedabad,2025-06-20
16,Krishna,Malhotra,krishna.malhotra894@email.com,+91-7694080686,1996-12-11,M,Hyderabad,2025-10-25
17,Anjali,Agarwal,anjali.agarwal666@email.com,+91-9947877839,1966-11-14,F,Hyderabad,2024-06-08
18,Ananya,Pillai,ananya.pillai568@email.com,,1992-12-12,F,Mumbai,2024-10-14
19,Abhishek,Verma,abhishek.verma881@email.com,+91-8684741195,1983-01-13,M,Hyderabad,2025-06-12
20,Harsh,Saxena,harsh.saxena904@email.com,+91-8548841850,2004-12-13,M,Kolkata,2024-09-14
21,Vihaan,Agarwal,vihaan.agarwal442@email.com,+91-8347071213,1953-09-08,M,Delhi,2024-06-05
22,Komal,Shah,komal.shah820@email.com,+91-7814735112,1980-07-12,F,Bangalore,2025-03-13
23,Krishna,Iyer,krishna.iyer256@email.com,+91-7247068082,2008-04-01,M,Jaipur,2024-07-04
24,Pranav,Bhat,,+91-7305640982,1983-01-18,M,Ahmedabad,2024-10-02
25,Jyoti,Verma,jyoti.verma169@email.com,+91-8279344760,2003-06-06,F,Ahmedabad,2024-11-27
26,Simran,Pandey,simran.pandey803@email.com,+91-9354073788,1970-03-11,F,Hyderabad,2024-06-04
27,Harsh,Shah,,+91-8562375909,1986-02-22,M,Bangalore,2024-06-02
28,Sandeep,Patel,sandeep.patel71@email.com,+91-9212540828,2014-01-28,M,Lucknow,2024-10-27
29,Manoj,Gupta,manoj.gupta430@email.com,+91-8852178522,1967-09-30,M,Hyderabad,2025-09-21
30,Riya,Nair,riya.nair406@email.com,+91-9115149321,2013-03-21,F,Delhi,2024-04-26
31,Sakshi,Pillai,,+91-7698476307,2013-07-05,F,Pune,2026-03-04
32,Abhishek,Reddy,abhishek.reddy379@email.com,+91-8435881200,1991-08-17,M,Jaipur,2024-04-25
33,Meera,Agarwal,meera.agarwal107@email.com,+91-7440044664,1957-04-14,F,Jaipur,2024-08-18
34,Neha,Desai,neha.desai216@email.com,+91-7667193130,1984-05-24,F,Ahmedabad,2024-10-31
35,Aditya,Kapoor,aditya.kapoor434@email.com,+91-7144410464,1958-11-26,M,Chennai,2024-08-23
36,Nisha,Chauhan,nisha.chauhan438@email.com,+91-7366519862,1997-01-09,F,Bangalore,2025-06-17
37,Ravi,Rao,ravi.rao597@email.com,,1974-10-25,M,Mumbai,2026-03-18
38,Kavya,Agarwal,kavya.agarwal256@email.com,+91-8158983385,1977-08-27,F,Lucknow,2025-11-22
39,Varun,Saxena,varun.saxena243@email.com,+91-9621033206,1951-09-09,M,Bangalore,2025-11-12
40,Rashmi,Saxena,rashmi.saxena422@email.com,+91-9831342527,2003-08-01,F,Delhi,2025-02-10
41,Sandeep,Chopra,sandeep.chopra228@email.com,+91-8508355830,2004-02-15,M,Hyderabad,2024-10-09
42,Yash,Joshi,yash.joshi409@email.com,+91-9832319099,1968-12-29,M,Pune,2025-08-30
43,Mansi,Banerjee,mansi.banerjee550@email.com,+91-7090425118,1967-10-11,F,Bangalore,2025-07-14
44,Diya,Singh,diya.singh611@email.com,+91-9387251114,1984-10-20,F,Delhi,2025-02-12
45,Krishna,Verma,krishna.verma726@email.com,+91-8703680575,2013-12-26,M,Hyderabad,2025-01-27
46,Myra,Agarwal,myra.agarwal943@email.com,+91-8028696951,1998-12-24,F,Chennai,2025-05-18
47,Mansi,Mukherjee,mansi.mukherjee335@email.com,+91-7968882667,1978-08-12,F,Kolkata,2025-09-27
48,Manoj,Pillai,manoj.pillai309@email.com,+91-9731910053,1964-04-21,M,Kolkata,2025-12-21
49,Swati,Iyer,swati.iyer453@email.com,+91-8675072021,2015-04-26,F,Bangalore,2025-09-13
50,Ishaan,Malhotra,ishaan.malhotra680@email.com,+91-8098322240,2001-02-11,M,Hyderabad,2025-09-24
51,Riya,Sinha,riya.sinha204@email.com,+91-7151442092,1991-08-07,F,Delhi,2025-04-08
52,Jyoti,Kapoor,jyoti.kapoor590@email.com,+91-9281860328,1966-08-09,F,Bangalore,2025-09-11
53,Abhishek,Mishra,abhishek.mishra882@email.com,+91-7349265724,2004-09-20,M,Jaipur,2025-04-15
54,Nikhil,Reddy,nikhil.reddy940@email.com,+91-8495727477,1995-06-06,M,Jaipur,2025-06-27
55,Pallavi,Thakur,pallavi.thakur454@email.com,+91-9356976162,2011-09-17,F,Jaipur,2025-04-01
56,Harsh,Kulkarni,harsh.kulkarni487@email.com,+91-9463442406,1968-11-14,M,Jaipur,2025-05-01
57,Krishna,Iyer,krishna.iyer80@email.com,+91-7768345614,2010-10-09,M,Jaipur,2024-06-21
58,Arjun,Reddy,arjun.reddy393@email.com,,1977-09-26,M,Pune,2025-06-15
59,Megha,Verma,megha.verma212@email.com,+91-8276286556,1951-05-01,F,Lucknow,2025-02-09
60,Ananya,Rao,ananya.rao306@email.com,+91-9796564921,1999-12-29,F,Jaipur,2026-01-01
61,Rajesh,Reddy,rajesh.reddy280@email.com,+91-7095160968,1996-03-20,M,Kolkata,2025-11-03
62,Ravi,Iyer,ravi.iyer942@email.com,,1976-10-24,M,Lucknow,2025-07-02
63,Aditya,Kapoor,aditya.kapoor439@email.com,,1975-10-19,M,Pune,2024-10-01
64,Pooja,Shah,pooja.shah780@email.com,+91-7911765255,1955-07-29,F,Ahmedabad,2024-05-04
65,Rahul,Reddy,,+91-9135615276,2014-08-15,M,Hyderabad,2024-09-21
66,Manoj,Kumar,manoj.kumar245@email.com,+91-9193624993,1964-10-31,M,Ahmedabad,2025-10-15
67,Pallavi,Rao,pallavi.rao172@email.com,+91-9450825012,1961-02-22,F,Chennai,2024-07-12
68,Varun,Mehta,varun.mehta590@email.com,+91-8229861990,1963-07-01,M,Delhi,2025-07-23
69,Vihaan,Chauhan,vihaan.chauhan792@email.com,+91-9242188697,2004-03-08,M,Lucknow,2025-12-18
70,Rahul,Bhat,rahul.bhat439@email.com,+91-7225976317,1950-11-11,M,Kolkata,2026-01-18
71,Sara,Mukherjee,sara.mukherjee984@email.com,+91-9921570258,1979-08-21,F,Bangalore,2025-11-10
72,Sakshi,Sinha,sakshi.sinha942@email.com,+91-8584370931,1999-09-30,F,Lucknow,2024-11-14
73,Bhavna,Reddy,bhavna.reddy851@email.com,+91-7913969087,1981-08-16,F,Lucknow,2025-08-06
74,Pooja,Sharma,pooja.sharma507@email.com,+91-7595873904,2004-04-17,F,Chennai,2025-01-09
75,Jyoti,Desai,jyoti.desai719@email.com,+91-8821211330,1963-01-01,F,Delhi,2024-10-24
76,Shruti,Bhat,shruti.bhat777@email.com,+91-8560094659,1980-07-01,F,Mumbai,2024-07-01
77,Riya,Das,riya.das709@email.com,+91-9175686225,1987-08-31,F,Jaipur,2025-01-11
78,Komal,Bhat,komal.bhat339@email.com,+91-8486845509,1965-09-09,F,Delhi,2025-10-31
79,Rohan,Singh,rohan.singh761@email.com,+91-9497534267,2000-04-06,M,Ahmedabad,2024-11-20
80,Sara,Banerjee,sara.banerjee199@email.com,+91-8182533519,1998-03-07,F,Jaipur,2024-07-27
81,Diya,Verma,diya.verma567@email.com,+91-7413793606,1983-05-28,F,Delhi,2026-02-26
82,Deepak,Mehta,deepak.mehta481@email.com,+91-8116434164,1967-03-08,M,Ahmedabad,2024-07-17
83,Amit,Chopra,amit.chopra76@email.com,+91-9249317026,2005-03-14,M,Lucknow,2024-12-11
84,Ayaan,Singh,ayaan.singh572@email.com,+91-8986788135,1965-05-11,M,Jaipur,2025-02-09
85,Meera,Iyer,meera.iyer305@email.com,+91-8405150026,1954-02-06,F,Lucknow,2025-11-15
86,Gaurav,Joshi,gaurav.joshi641@email.com,+91-9164020641,1961-10-30,M,Jaipur,2024-06-17
87,Aarav,Mukherjee,aarav.mukherjee462@email.com,,1969-08-09,M,Chennai,2025-10-17
88,Myra,Agarwal,myra.agarwal240@email.com,+91-9581591927,2004-09-15,F,Hyderabad,2025-03-15
89,Nikhil,Reddy,nikhil.reddy664@email.com,,1961-04-17,M,Chennai,2025-07-25
90,Swati,Singh,swati.singh480@email.com,+91-9292862757,1984-01-22,F,Jaipur,2025-05-08
91,Myra,Desai,myra.desai41@email.com,+91-9406952247,1951-10-05,F,Delhi,2024-10-14
92,Gaurav,Agarwal,gaurav.agarwal842@email.com,+91-7131832962,1994-05-03,M,Ahmedabad,2026-04-01
93,Isha,Pillai,isha.pillai447@email.com,+91-8611221959,1977-10-15,F,Pune,2024-12-25
94,Sandeep,Patel,sandeep.patel338@email.com,+91-8623547777,1977-04-02,M,Jaipur,2024-05-18
95,Myra,Shah,myra.shah259@email.com,+91-9531462976,2006-02-19,F,Mumbai,2025-09-12
96,Megha,Verma,megha.verma193@email.com,+91-9040275338,2001-09-19,F,Mumbai,2024-09-24
97,Nisha,Kumar,nisha.kumar950@email.com,+91-9886373532,1992-11-15,F,Lucknow,2025-12-31
98,Siddharth,Patel,siddharth.patel319@email.com,+91-8809663476,2007-04-05,M,Delhi,2025-04-13
99,Pranav,Banerjee,pranav.banerjee158@email.com,+91-9348148254,1968-08-10,M,Kolkata,2026-01-28
100,Shruti,Reddy,shruti.reddy468@email.com,+91-8256934983,1984-08-02,F,Bangalore,2026-02-19
101,Krishna,Mishra,krishna.mishra809@email.com,+91-8113776550,1950-03-05,M,Chennai,2025-11-04
102,Sonal,Pillai,sonal.pillai594@email.com,+91-8604429476,1982-12-17,F,Pune,2025-01-02
103,Swati,Saxena,swati.saxena330@email.com,+91-9285541300,1965-11-23,F,Kolkata,2024-05-23
104,Komal,Chopra,komal.chopra723@email.com,+91-8249260604,2003-12-04,F,Bangalore,2025-05-09
105,Arjun,Malhotra,arjun.malhotra989@email.com,+91-9849823154,1979-12-18,M,Delhi,2025-06-02
106,Ananya,Pandey,ananya.pandey148@email.com,,2003-03-08,F,Chennai,2025-01-07
107,Aditi,Gupta,aditi.gupta873@email.com,+91-9209779942,1971-07-20,F,Ahmedabad,2026-02-26
108,Manoj,Gupta,manoj.gupta241@email.com,+91-7941639817,1979-07-14,M,Delhi,2025-12-01
109,Suresh,Patel,suresh.patel711@email.com,+91-7094816028,1953-10-26,M,Chennai,2025-01-23
110,Megha,Kumar,megha.kumar251@email.com,+91-8854499364,1961-07-26,F,Bangalore,2024-06-20
111,Sakshi,Agarwal,sakshi.agarwal247@email.com,+91-8910828758,1993-05-30,F,Chennai,2025-04-11
112,Mansi,Sharma,mansi.sharma921@email.com,+91-9953047700,1960-10-01,F,Delhi,2025-03-28
113,Tanvi,Mehta,tanvi.mehta655@email.com,+91-9262042780,1970-07-24,F,Hyderabad,2025-02-12
114,Sara,Reddy,sara.reddy391@email.com,+91-8883548780,1970-02-03,F,Mumbai,2026-01-24
115,Priya,Sharma,priya.sharma580@email.com,+91-9550316428,2000-09-16,F,Ahmedabad,2026-01-26
116,Pallavi,Sinha,pallavi.sinha236@email.com,+91-8154438705,1992-04-02,F,Chennai,2025-09-28
117,Pranav,Singh,pranav.singh926@email.com,+91-7129150492,1952-04-09,M,Lucknow,2025-01-28
118,Aditya,Saxena,aditya.saxena303@email.com,+91-8361533021,2003-07-10,M,Jaipur,2026-03-01
119,Divya,Malhotra,divya.malhotra936@email.com,+91-7539143681,2014-04-02,F,Ahmedabad,2026-01-06
120,Komal,Kulkarni,komal.kulkarni347@email.com,+91-8534619869,2015-10-09,F,Hyderabad,2026-02-16
121,Bhavna,Sinha,bhavna.sinha571@email.com,,1986-07-07,F,Delhi,2025-04-07
122,Mansi,Pandey,mansi.pandey689@email.com,+91-8248593695,1957-05-16,F,Hyderabad,2025-04-20
123,Manoj,Thakur,manoj.thakur966@email.com,+91-9999189964,1954-04-21,M,Ahmedabad,2026-03-27
124,Aditi,Mukherjee,aditi.mukherjee120@email.com,+91-7121949893,1957-11-26,F,Delhi,2024-10-19
125,Amit,Iyer,amit.iyer380@email.com,+91-9435180804,2000-07-06,M,Bangalore,2026-03-08
126,Aditi,Singh,aditi.singh854@email.com,,1975-03-20,F,Hyderabad,2025-03-30
127,Riya,Kulkarni,,+91-9246858147,1993-11-18,F,Pune,2024-06-05
128,Priya,Joshi,priya.joshi992@email.com,+91-9778869600,1964-06-07,F,Lucknow,2024-05-06
129,Ankit,Shah,ankit.shah250@email.com,+91-9578784000,2006-06-21,M,Jaipur,2024-09-27
130,Ravi,Kulkarni,ravi.kulkarni239@email.com,,2008-05-31,M,Bangalore,2024-07-29
131,Rashmi,Patel,rashmi.patel113@email.com,,2003-10-05,F,Hyderabad,2025-07-21
132,Ananya,Patel,,+91-9430465176,2000-09-28,F,Delhi,2025-04-24
133,Pallavi,Rao,pallavi.rao526@email.com,+91-8481176039,1991-11-10,F,Mumbai,2025-11-05
134,Swati,Kapoor,,+91-8569562640,1957-05-07,F,Ahmedabad,2025-10-25
135,Myra,Thakur,myra.thakur83@email.com,+91-7486018609,1992-06-26,F,Lucknow,2025-06-19
136,Anjali,Desai,anjali.desai544@email.com,+91-8656589354,2003-12-21,F,Delhi,2026-02-11
137,Vikram,Iyer,vikram.iyer910@email.com,+91-8110669441,1999-08-26,M,Delhi,2024-12-18
138,Pooja,Agarwal,pooja.agarwal262@email.com,,2006-08-08,F,Delhi,2024-07-01
139,Sara,Pandey,sara.pandey757@email.com,,2015-02-06,F,Jaipur,2025-06-29
140,Mansi,Singh,mansi.singh421@email.com,+91-9180165435,1999-01-26,F,Mumbai,2024-11-29
141,Sneha,Singh,sneha.singh592@email.com,+91-7507096079,2007-08-29,F,Delhi,2025-01-16
142,Sara,Mishra,sara.mishra286@email.com,+91-9645166244,2002-03-23,F,Lucknow,2025-08-09
143,Manoj,Saxena,manoj.saxena674@email.com,+91-7876313794,1997-10-26,M,Chennai,2026-04-05
144,Sneha,Sharma,sneha.sharma186@email.com,+91-8855796159,1959-08-28,F,Mumbai,2024-06-29
145,Amit,Mukherjee,amit.mukherjee465@email.com,+91-8212550846,2002-11-12,M,Lucknow,2025-07-26
146,Abhishek,Verma,abhishek.verma160@email.com,+91-9024516522,1968-07-08,M,Ahmedabad,2025-09-15
147,Shruti,Desai,shruti.desai453@email.com,+91-7706377154,1979-04-04,F,Delhi,2024-11-25
148,Divya,Agarwal,,,1963-11-29,F,Chennai,2024-09-30
149,Gaurav,Nair,gaurav.nair297@email.com,+91-7025375193,1961-12-15,M,Bangalore,2025-02-09
150,Karan,Bhat,karan.bhat854@email.com,+91-8160519447,2000-06-30,M,Mumbai,2025-03-24
151,Suresh,Saxena,suresh.saxena80@email.com,+91-8886666267,1998-04-13,M,Kolkata,2024-11-30
152,Amit,Sharma,amit.sharma990@email.com,+91-9625791018,1996-12-05,M,Pune,2024-06-27
153,Bhavna,Singh,bhavna.singh250@email.com,,2009-03-29,F,Chennai,2025-11-20
154,Riya,Shah,riya.shah798@email.com,+91-8672792998,1984-09-13,F,Hyderabad,2026-03-24
155,Sneha,Pandey,sneha.pandey982@email.com,+91-9670729358,1959-12-19,F,Chennai,2024-09-19
156,Manoj,Kumar,manoj.kumar779@email.com,+91-7246933218,1992-09-24,M,Ahmedabad,2025-04-15
157,Mansi,Saxena,mansi.saxena904@email.com,+91-9081791857,1992-09-06,F,Pune,2024-08-14
158,Myra,Chopra,myra.chopra453@email.com,+91-9609446002,1973-12-13,F,Jaipur,2024-06-16
159,Swati,Iyer,,,2008-10-24,F,Delhi,2025-08-10
160,Swati,Pillai,swati.pillai568@email.com,+91-9421215376,2005-02-09,F,Lucknow,2025-09-08
161,Rohan,Desai,rohan.desai488@email.com,+91-7202769050,2011-03-09,M,Pune,2025-10-26
162,Karan,Kapoor,,+91-9318767377,1985-08-30,M,Jaipur,2025-08-06
163,Rahul,Rao,rahul.rao940@email.com,+91-8339454350,1953-07-25,M,Pune,2024-06-09
164,Sara,Bhat,sara.bhat695@email.com,+91-7825796057,1991-01-06,F,Bangalore,2025-01-03
165,Deepak,Agarwal,deepak.agarwal145@email.com,+91-8016595990,1976-09-03,M,Bangalore,2025-07-25
166,Ishaan,Bhat,ishaan.bhat386@email.com,+91-8076326750,2006-05-30,M,Jaipur,2024-07-01
167,Divya,Rao,divya.rao19@email.com,+91-7590638074,2002-02-19,F,Ahmedabad,2024-09-15
168,Arjun,Kumar,arjun.kumar80@email.com,+91-9582523256,1986-09-25,M,Jaipur,2024-05-19
169,Jyoti,Mishra,jyoti.mishra633@email.com,+91-8234430218,2006-07-29,F,Lucknow,2026-01-08
170,Harsh,Iyer,harsh.iyer45@email.com,+91-9216341133,1991-07-21,M,Chennai,2025-11-25
171,Riya,Bhat,riya.bhat245@email.com,+91-9649671474,1963-03-16,F,Pune,2025-09-28
172,Swati,Mishra,swati.mishra289@email.com,+91-8647979135,1961-01-10,F,Hyderabad,2026-01-02
173,Sandeep,Nair,sandeep.nair54@email.com,+91-9864358655,1956-12-24,M,Jaipur,2026-02-09
174,Ishaan,Gupta,ishaan.gupta782@email.com,+91-8472377286,1979-10-09,M,Delhi,2026-03-27
175,Ravi,Iyer,ravi.iyer906@email.com,,1984-02-29,M,Pune,2024-10-19
176,Myra,Rao,,+91-7324695191,1959-12-10,F,Bangalore,2024-05-19
177,Meera,Banerjee,meera.banerjee484@email.com,+91-7454771487,1950-05-11,F,Delhi,2024-05-04
178,Kavya,Banerjee,kavya.banerjee154@email.com,+91-9383089807,1957-07-26,F,Chennai,2024-10-21
179,Sara,Verma,sara.verma245@email.com,+91-9601491633,1957-07-18,F,Ahmedabad,2025-07-27
180,Pranav,Malhotra,pranav.malhotra589@email.com,+91-7470448177,1991-11-03,M,Pune,2024-10-23
181,Isha,Agarwal,,+91-8181618870,1987-01-10,F,Jaipur,2025-12-21
182,Amit,Kulkarni,,+91-8267758929,1951-02-08,M,Pune,2025-12-23
183,Rahul,Reddy,rahul.reddy751@email.com,+91-7339686271,1972-08-17,M,Bangalore,2024-05-24
184,Nisha,Shah,nisha.shah834@email.com,+91-9721099742,1997-04-27,F,Ahmedabad,2025-08-23
185,Ankit,Kumar,ankit.kumar65@email.com,+91-8499714847,1952-12-24,M,Hyderabad,2026-03-08
186,Rohan,Saxena,rohan.saxena318@email.com,+91-9671981176,1952-06-29,M,Hyderabad,2024-11-27
187,Bhavna,Mishra,bhavna.mishra49@email.com,+91-8087645811,1975-01-17,F,Kolkata,2026-03-11
188,Komal,Iyer,komal.iyer917@email.com,+91-8110934486,1983-11-10,F,Pune,2026-04-07
189,Rashmi,Gupta,rashmi.gupta745@email.com,+91-8411088964,1962-04-13,F,Jaipur,2024-12-03
190,Sara,Gupta,sara.gupta336@email.com,+91-8004368447,1978-12-31,F,Bangalore,2025-10-07
191,Sneha,Iyer,sneha.iyer44@email.com,+91-9987156210,1979-08-07,F,Chennai,2025-08-29
192,Aditya,Agarwal,aditya.agarwal653@email.com,+91-8681299051,1952-02-14,M,Bangalore,2026-02-07
193,Diya,Kumar,diya.kumar69@email.com,+91-9114058015,2014-08-12,F,Lucknow,2024-05-14
194,Yash,Iyer,yash.iyer972@email.com,+91-8454720077,1986-01-11,M,Pune,2025-02-22
195,Aditi,Nair,aditi.nair256@email.com,+91-7084934385,1976-05-02,F,Jaipur,2024-07-20
196,Pallavi,Nair,pallavi.nair721@email.com,+91-9004947431,1983-06-05,F,Hyderabad,2024-07-23
197,Sandeep,Gupta,sandeep.gupta463@email.com,+91-9337568341,2005-02-26,M,Pune,2025-09-20
198,Simran,Gupta,simran.gupta564@email.com,+91-9920749315,1998-06-10,F,Bangalore,2025-12-27
199,Divya,Reddy,divya.reddy125@email.com,+91-9595428202,1983-08-14,F,Mumbai,2025-01-25
200,Swati,Sinha,swati.sinha565@email.com,,1977-02-04,F,Ahmedabad,2025-06-02
